{"frames":{"dagger0.png":{"frame":{"x":0,"y":0,"w":360,"h":450},"rotated":false,"trimmed":false,"spriteSourceSize":{"x":0,"y":0,"w":360,"h":450},"sourceSize":{"w":360,"h":450}},"dagger1.png":{"frame":{"x":360,"y":0,"w":360,"h":450},"rotated":false,"trimmed":false,"spriteSourceSize":{"x":0,"y":0,"w":360,"h":450},"sourceSize":{"w":360,"h":450}},"dagger2.png":{"frame":{"x":0,"y":450,"w":360,"h":450},"rotated":false,"trimmed":false,"spriteSourceSize":{"x":0,"y":0,"w":360,"h":450},"sourceSize":{"w":360,"h":450}},"dagger3.png":{"frame":{"x":360,"y":450,"w":360,"h":450},"rotated":false,"trimmed":false,"spriteSourceSize":{"x":0,"y":0,"w":360,"h":450},"sourceSize":{"w":360,"h":450}}},"meta":{"app":"https://github.com/piskelapp/piskel/","version":"1.0","image":"dagger.png","format":"RGBA8888","size":{"w":720,"h":900}}}