{"frames":{"MainCharacter0.png":{"frame":{"x":0,"y":0,"w":840,"h":859},"rotated":false,"trimmed":false,"spriteSourceSize":{"x":0,"y":0,"w":840,"h":859},"sourceSize":{"w":840,"h":859}},"MainCharacter1.png":{"frame":{"x":840,"y":0,"w":840,"h":859},"rotated":false,"trimmed":false,"spriteSourceSize":{"x":0,"y":0,"w":840,"h":859},"sourceSize":{"w":840,"h":859}},"MainCharacter2.png":{"frame":{"x":0,"y":859,"w":840,"h":859},"rotated":false,"trimmed":false,"spriteSourceSize":{"x":0,"y":0,"w":840,"h":859},"sourceSize":{"w":840,"h":859}},"MainCharacter3.png":{"frame":{"x":840,"y":859,"w":840,"h":859},"rotated":false,"trimmed":false,"spriteSourceSize":{"x":0,"y":0,"w":840,"h":859},"sourceSize":{"w":840,"h":859}}},"meta":{"app":"https://github.com/piskelapp/piskel/","version":"1.0","image":"MainCharacter.png","format":"RGBA8888","size":{"w":1680,"h":1718}}}